{"loss training": 12758.138178475498, "_runtime": 25266, "_timestamp": 1643838639, "_step": 340099, "z-axis rotation error": 4.2861765898137065, "y-axis rotation error": 12.518452232015964, "x-axis rotation error": 7.178661226754036, "z-axis translation error": 138.74630737304688, "y-axis translation error": 99.73948669433594, "x-axis translation error": 68.51445770263672, "loss trasl test": 12237.6826171875, "loss rot test": 0.4561682343482971, "total loss test": 76.88175869526836, "_wandb": {"runtime": 25268}}