{"loss training": 21695.759730820886, "_runtime": 2056, "_timestamp": 1643813342, "_step": 4612, "z-axis rotation error": 6.669787487684415, "y-axis rotation error": 24.97596982287956, "x-axis rotation error": 19.02530823519244, "z-axis translation error": 125.41400909423828, "y-axis translation error": 26.171974182128906, "x-axis translation error": 60.476104736328125, "loss trasl test": 20100.962890625, "loss rot test": 0.3632844090461731}