{"loss training": 21589.456210282362, "_runtime": 2782, "_timestamp": 1643809646, "_step": 34008, "z-axis rotation error": 5.973977764595997, "y-axis rotation error": 10.836563833881463, "x-axis rotation error": 2.7414783329152446, "z-axis translation error": 3.4330387115478516, "y-axis translation error": 49.6838264465332, "x-axis translation error": 147.3988037109375, "total loss test": 20739.0703125, "loss rot test": 0.25550299882888794, "_wandb": {"runtime": 2784}}